{"position":[-3.3399999141693117,2.2799999713897707,-0.9300000071525574],"rotation":[0.0,0.0,0.0,1.0]}