{"position":[30.387096405029298,0.7799999117851257,-17.945905685424806],"rotation":[0.0,-0.7771459817886353,0.0,0.6293204426765442]}