{"position":[3.869999885559082,1.0,-15.430000305175782],"rotation":[0.0,-0.6104909181594849,0.0,0.7920233011245728]}