{"position":[18.731101989746095,0.7799999117851257,-15.915966033935547],"rotation":[0.0,-0.2651366591453552,0.0,-0.9642108678817749]}