{"position":[18.552688598632814,0.7799999117851257,-12.084609031677246],"rotation":[0.0,-0.9624553918838501,0.0,0.27143990993499758]}